{"cameraMode":{"drawMode":0,"name":"Shaded","section":"Shading Mode"},"sceneLighting":false,"audioPlay":false,"sceneViewState":{"m_AlwaysRefresh":false,"showFog":true,"showSkybox":false,"showFlares":true,"showImageEffects":true,"showParticleSystems":true,"showVisualEffectGraphs":true,"m_FxEnabled":true},"in2DMode":false,"pivot":{"x":9.960000038146973,"y":-2.1500000953674318,"z":27.450000762939454},"rotation":{"x":-0.05982881039381027,"y":0.5626986622810364,"z":-0.040494561195373538,"w":-0.8234530687332153},"size":24.165502548217775,"orthographic":false}