{"cameraMode":{"drawMode":0,"name":"Shaded","section":"Shading Mode"},"sceneLighting":false,"audioPlay":false,"sceneViewState":{"m_AlwaysRefresh":false,"showFog":true,"showSkybox":false,"showFlares":true,"showImageEffects":true,"showParticleSystems":true,"showVisualEffectGraphs":true,"m_FxEnabled":true},"in2DMode":false,"pivot":{"x":1.2495522499084473,"y":1.5317862033843995,"z":-0.051076650619506839},"rotation":{"x":-0.3084709644317627,"y":0.2043215036392212,"z":-0.06766149401664734,"w":-0.9265435934066773},"size":3.0923163890838625,"orthographic":false}