{"cameraMode":{"drawMode":0,"name":"Shaded","section":"Shading Mode"},"sceneLighting":true,"audioPlay":false,"sceneViewState":{"m_AlwaysRefresh":false,"showFog":true,"showSkybox":true,"showFlares":true,"showImageEffects":true,"showParticleSystems":true,"showVisualEffectGraphs":true,"m_FxEnabled":true},"in2DMode":false,"pivot":{"x":-7.670146942138672,"y":-4.982956886291504,"z":1.5610454082489014},"rotation":{"x":-0.0009886152110993863,"y":0.6463404297828674,"z":0.0006762110278941691,"w":0.76381915807724},"size":2.7640068531036379,"orthographic":false}