{"cameraMode":{"drawMode":0,"name":"Shaded","section":"Shading Mode"},"sceneLighting":false,"audioPlay":false,"sceneViewState":{"m_AlwaysRefresh":false,"showFog":true,"showSkybox":false,"showFlares":true,"showImageEffects":true,"showParticleSystems":true,"showVisualEffectGraphs":true,"m_FxEnabled":true},"in2DMode":false,"pivot":{"x":-0.039577797055244449,"y":-0.019358396530151368,"z":-0.00006854534149169922},"rotation":{"x":-0.3084709644317627,"y":0.2043215036392212,"z":-0.06766149401664734,"w":-0.9265435934066773},"size":1.3214383125305176,"orthographic":false}