{"cameraMode":{"drawMode":0,"name":"Shaded","section":"Shading Mode"},"sceneLighting":false,"audioPlay":false,"sceneViewState":{"m_AlwaysRefresh":false,"showFog":true,"showSkybox":false,"showFlares":true,"showImageEffects":true,"showParticleSystems":true,"showVisualEffectGraphs":true,"m_FxEnabled":true},"in2DMode":false,"pivot":{"x":-0.00016421079635620117,"y":0.7600681781768799,"z":-0.01764512062072754},"rotation":{"x":-0.3084709644317627,"y":0.2043215036392212,"z":-0.06766149401664734,"w":-0.9265435934066773},"size":1.0104080438613892,"orthographic":false}