{"cameraMode":{"drawMode":0,"name":"Shaded","section":"Shading Mode"},"sceneLighting":false,"audioPlay":false,"sceneViewState":{"m_AlwaysRefresh":false,"showFog":true,"showSkybox":false,"showFlares":true,"showImageEffects":true,"showParticleSystems":true,"showVisualEffectGraphs":true,"m_FxEnabled":true},"in2DMode":false,"pivot":{"x":0.016182564198970796,"y":0.003784656524658203,"z":-0.011354029178619385},"rotation":{"x":-0.3084709644317627,"y":0.2043215036392212,"z":-0.06766149401664734,"w":-0.9265435934066773},"size":0.4598064720630646,"orthographic":false}