{"cameraMode":{"drawMode":0,"name":"Shaded","section":"Shading Mode"},"sceneLighting":false,"audioPlay":false,"sceneViewState":{"m_AlwaysRefresh":false,"showFog":true,"showSkybox":false,"showFlares":true,"showImageEffects":true,"showParticleSystems":true,"showVisualEffectGraphs":true,"m_FxEnabled":true},"in2DMode":false,"pivot":{"x":-0.48999977111816409,"y":3.5299997329711916,"z":-18.540000915527345},"rotation":{"x":-0.3084709644317627,"y":0.2043215036392212,"z":-0.06766149401664734,"w":-0.9265435934066773},"size":13.814583778381348,"orthographic":false}